record_id;source_data;scenario;duration_sec;sfreq_hz;n_channels;bad_channels;n_bad_channels;qc_status;mean_amplitude_uv;max_amplitude_uv;dominant_frequency_hz;alpha_beta_ratio;theta_alpha_ratio;power_delta;power_theta;power_alpha;power_beta;power_gamma
demo_clean_rest;synthetic demo;Rest;12.0;250.0;5;;0;PASS;12.680966344330132;90.99794541526099;10.0;17.256229859851814;0.11970203441569428;0.5893456367513239;9.863646741918888;82.40166334738196;4.77518345644431;3.0116325566573394
demo_noisy_fz;synthetic demo;Rest;12.0;250.0;5;Fz;1;REVIEW;25.30143478777455;640.6655748918097;50.0;1.0094082217629372;0.32491657311466954;25.758093080095975;35.05953516041136;107.90319134640703;106.89747618456335;191.39608340939668
demo_flat_pz;synthetic demo;Rest;12.0;250.0;5;Pz;1;REVIEW;10.09905431685927;90.99794541526099;10.0;17.672993999769858;0.11839798933821354;0.4138689436982582;7.749453491645067;65.4525768128376;3.7035364134493722;2.2389168512788746
